"","player","position","team","points","sd_pts","dropoff","floor","ceiling","points_vor","floor_vor","ceiling_vor","rank","floor_rank","ceiling_rank","position_rank","tier","adp","aav","uncertainty","replacement_points","vorp","flex_vorp"
"1","Ja'Marr Chase","WR","CIN",358,24.2,44.2,329,390,157,157,151,1,4,4,1,1,2.2,62.5,10,236,122,137
"2","Bijan Robinson","RB","ATL",333,20.4,11.9,309,365,185,195,179,2,1,1,1,1,2.82,59.7,10,220,113,112
"3","Josh Allen","QB","BUF",372,20.5,4.71,340,396,89.5,76.5,88.3,3,29,22,1,1,17.8,36.1,9,265,107,-9999
"4","Lamar Jackson","QB","BAL",367,18.8,13.2,344,396,84.8,79.7,88.3,4,27,21,2,1,18.8,34.2,6,265,102,-9999
"5","Saquon Barkley","RB","PHI",321,14.7,1.71,302,347,173,188,161,5,2,2,2,1,3.46,59.5,3,220,101,100
"6","Jahmyr Gibbs","RB","DET",319,12.2,27,300,335,171,187,149,6,3,5,3,2,4.58,56.7,1,220,99,98
"7","Brock Bowers","TE","LVR",256,10.6,7.96,245,270,109,113,95,7,13,17,1,1,27.9,32.9,3,163,93,35
"8","Jayden Daniels","QB","WAS",354,22.6,7.01,324,385,71.6,60.6,76.5,8,41,30,3,2,27.5,27.6,14,265,89,-9999
"9","Trey McBride","TE","ARI",248,9.24,23.6,238,260,102,106,84.6,9,18,25,2,2,36,28.5,1,163,85,27
"10","Jalen Hurts","QB","PHI",347,11.1,10.8,336,365,64.6,72.1,56.7,10,32,36,4,2,31,26.8,1,265,82,-9999
"11","Justin Jefferson","WR","MIN",314,27.5,0.512,280,366,113,108,127,11,17,7,2,1,7.02,54.3,22,236,78,93
"12","CeeDee Lamb","WR","DAL",313,16.1,10.7,289,335,112,117,95.5,12,12,16,3,1,7.68,54.2,1,236,77,92
"13","Christian McCaffrey","RB","SF",292,26.6,1.39,268,341,144,155,155,13,5,3,4,2,9.4,56.6,46,220,72,71
"14","Devon Achane","RB","MIA",291,16.5,17.8,266,314,143,152,128,14,6,6,5,3,18.2,38.7,9,220,71,70
"15","Joe Burrow","QB","CIN",336,17.7,21.5,311,356,53.8,47.1,48.3,14,52,40,5,3,29.3,24.5,3,265,71,-9999
"16","Malik Nabers","WR","NYG",302,30.6,2.98,274,357,102,102,118,16,19,8,4,1,13.7,45.8,40,236,66,81
"17","Puka Nacua","WR","LAR",299,23.8,0.45,273,335,98.8,101,95.9,17,21,15,5,1,16.2,42.4,24,236,63,78
"18","Amon-Ra St. Brown","WR","DET",299,19.7,14.9,274,324,98.3,102,84.1,17,20,26,5,2,14.2,47.3,8,236,63,78
"19","George Kittle","TE","SF",225,19.6,28.8,202,252,77.9,70.1,77,19,34,29,3,3,39.2,24.2,29,163,62,4
"20","Derrick Henry","RB","BAL",273,20.1,2.15,244,302,125,131,116,20,8,10,6,3,9.38,49,16,220,53,52
"21","Ashton Jeanty","RB","LVR",271,26.5,0.0541,225,302,123,112,116,21,15,9,7,3,11.5,48.9,39,220,51,50
"22","Josh Jacobs","RB","GB",271,20.1,4.56,244,301,123,131,115,21,7,11,7,3,15.4,41.4,13,220,51,50
"23","Patrick Mahomes","QB","KC",314,13.4,9.26,295,332,32.3,31.3,23.6,23,62,60,6,3,47.3,16.5,11,265,49,-9999
"24","Brian Thomas Jr.","WR","JAC",284,24.1,1.35,245,317,83.4,73.4,77.8,24,30,28,7,2,18,39.6,17,236,48,63
"25","Nico Collins","WR","HOU",283,16.5,7.22,263,308,82.1,91.3,68.6,25,24,34,8,2,14.9,45.4,4,236,47,62
"26","Chase Brown","RB","CIN",266,24.2,0.905,225,298,118,112,112,26,16,12,9,3,22.5,38,32,220,46,45
"27","Bucky Irving","RB","TB",265,21.3,8.77,235,292,117,122,106,27,10,13,10,4,20,37.1,19,220,45,44
"28","Kyler Murray","QB","ARI",305,18.8,0.985,281,333,23,17.6,25.1,28,74,58,7,3,84.8,7.11,46,265,40,-9999
"29","Drake London","WR","ATL",275,26,12.5,250,327,74.8,78.5,87.6,29,28,23,9,3,23.1,37.8,31,236,39,54
"30","Baker Mayfield","QB","TB",304,17.3,2.76,281,323,22,17.2,15,29,75,71,8,3,57.5,10.9,29,265,39,-9999
"31","Jonathan Taylor","RB","IND",257,18.8,0.689,232,282,108,119,96.2,31,11,14,11,4,17,41.6,12,220,37,36
"32","Kyren Williams","RB","LAR",256,15.4,8.74,235,276,108,122,89.7,32,9,20,12,4,22,33.9,7,220,36,35
"33","Bo Nix","QB","DEN",301,16.8,7.77,275,325,19.2,11.4,16.7,32,88,68,9,4,67.6,9.31,26,265,36,-9999
"34","Sam LaPorta","TE","DET",196,10.7,13,182,211,49.2,50.6,35.8,34,49,50,4,4,57.1,11.4,11,163,33,-25
"35","Brock Purdy","QB","SF",294,10.9,5.49,277,311,11.5,13.3,3.19,35,81,108,10,4,90.8,5.85,60,265,29,-9999
"36","Alvin Kamara","RB","NO",247,20.3,8.86,226,278,98.8,113,91.8,36,14,18,13,5,39.7,24.1,20,220,27,26
"37","A.J. Brown","WR","PHI",263,17,0.697,235,283,62.3,63.2,43.8,36,38,44,10,3,23.1,36.2,1,236,27,42
"38","Tyreek Hill","WR","MIA",262,13.8,0.916,244,286,61.7,72.1,46.8,38,31,42,11,3,36.4,28.1,19,236,26,41
"39","Ladd McConkey","WR","LAC",261,18.2,5.74,240,293,60.7,67.8,53.7,39,37,38,12,3,30.2,29.6,7,236,25,40
"40","Justin Fields","QB","NYJ",288,13.6,2.78,275,308,6,10.8,0,40,92,130,11,4,106,4.56,71,265,23,-9999
"41","Jaxon Smith-Njigba","WR","SEA",256,22.2,5.91,227,291,55,54.6,51.8,41,45,39,13,4,40.2,24.1,29,236,20,35
"42","Travis Kelce","TE","KC",183,19.9,4.43,154,207,36.2,22.4,32,41,68,51,5,4,67,12,46,163,20,-38
"43","Justin Herbert","QB","LAC",285,13.1,3.21,267,302,3.21,3.68,-6.15,41,108,184,12,5,111,5.5,31,265,20,-9999
"44","James Cook","RB","BUF",238,22.8,4.53,214,269,90,101,82.8,44,22,27,14,5,28.7,27.8,26,220,18,17
"45","Brandon Aubrey","K","DAL",164,14,13.7,138,179,16.6,0,21.6,44,130,64,1,1,109,4.17,23,146,18,-9999
"46","Caleb Williams","QB","CHI",282,18.7,1.19,264,317,0,0,9.45,46,130,85,13,5,108,4.76,74,265,17,-9999
"47","T.J. Hockenson","TE","MIN",179,13.5,2.63,158,197,31.8,26.6,21.4,47,65,65,6,4,71.3,8.39,17,163,16,-42
"48","Jared Goff","QB","DET",281,20.3,2.72,259,313,-1.19,-4.96,5.15,47,163,98,14,5,101,6.15,77,265,16,-9999
"49","Breece Hall","RB","NYJ",234,24.3,5.9,213,277,85.5,99.6,91.4,49,23,19,15,5,41.8,19.5,45,220,14,13
"50","Tee Higgins","WR","CIN",250,24.1,2.03,209,276,49.1,36.9,36.5,49,58,49,14,4,32.4,27.6,36,236,14,29
"51","Mark Andrews","TE","BAL",176,8.58,2.18,163,187,29.2,31.8,11.6,51,61,79,7,4,73.8,7.39,14,163,13,-45
"52","Dak Prescott","QB","DAL",278,13.8,6.58,259,297,-3.9,-4.99,-11.5,51,165,231,15,5,90.4,8.72,63,265,13,-9999
"53","Davante Adams","WR","LAR",248,25.9,0.464,221,287,47.1,49.3,47,53,51,41,15,4,41.4,23.6,46,236,12,27
"54","Broncos","DST","DEN",97.2,9.65,0.484,87.3,113,1.89,1.03,6.6,54,122,94,1,1,105,3.64,3,85.3,11.9,-9999
"55","Texans","DST","HOU",96.7,8.56,1.41,85.5,108,1.41,-0.793,1.3,55,135,116,2,2,134,1.72,19,85.3,11.4,-9999
"56","Terry McLaurin","WR","WAS",247,20.4,1.46,223,278,46.6,51.4,38.3,56,48,47,16,4,39.7,22.5,43,236,11,26
"57","David Njoku","TE","CLE",174,12.8,10.5,153,189,27,21.4,13.6,56,69,73,8,5,90.5,5.98,23,163,11,-47
"58","Mike Evans","WR","TB",246,14.6,5.51,229,266,45.1,57.1,26.2,58,44,55,17,4,38.6,23.8,6,236,10,25
"59","Ravens","DST","BAL",95.3,6.59,0.759,89.1,106,0,2.82,0,58,113,130,3,3,124,1.85,6,85.3,10,-9999
"60","Eagles","DST","PHI",94.6,9.5,4.25,79,104,-0.759,-7.3,-2.73,60,185,147,4,4,113,2.09,23,85.3,9.3,-9999
"61","James Conner","RB","ARI",228,19.9,0.244,197,252,79.6,83.5,65.6,61,26,35,16,5,44.5,21.8,14,220,8,7
"62","Chuba Hubbard","RB","CAR",228,22.1,4.75,199,262,79.3,85.6,75.6,61,25,31,16,5,43.9,21.2,28,220,8,7
"63","J.J. McCarthy","QB","MIN",272,18.6,3.31,251,303,-10.5,-13.1,-5.47,63,231,178,16,6,129,3.23,69,265,7,-9999
"64","Vikings","DST","MIN",90.3,4.38,0.978,86.3,98.5,-5.01,0,-8,64,130,199,5,5,138,1.51,1,85.3,5,-9999
"65","Garrett Wilson","WR","NYJ",240,15,4.39,223,265,39.6,50.5,25.7,65,50,57,18,4,48,19.9,12,236,4,19
"66","Chase McLaughlin","K","TB",150,9.45,0.238,133,160,2.97,-5.27,2.49,65,171,111,2,1,139,1.74,32,146,4,-9999
"67","Kaimi Fairbairn","K","HOU",150,6.74,0.391,140,159,2.74,1.79,1.23,65,118,118,2,1,149,1.52,39,146,4,-9999
"68","Rams","DST","LAR",89.3,7.26,0.843,81.3,99.4,-5.99,-5.01,-7.08,65,166,193,6,6,162,0.767,26,85.3,4,-9999
"69","Bills","DST","BUF",88.5,9.65,0.068,69,94.3,-6.83,-17.3,-12.2,69,285,239,7,6,131,1.32,39,85.3,3.2,-9999
"70","Packers","DST","GB",88.4,11.7,2.84,70.5,102,-6.9,-15.8,-4.7,70,261,170,8,7,147,1.51,77,85.3,3.10000000000001,-9999
"71","Kenneth Walker III","RB","SEA",223,20.1,1.21,184,241,74.6,70.4,55.4,71,33,37,18,5,40.2,22.3,23,220,3,2
"72","Cameron Dicker","K","LAC",149,10,0.238,129,159,2.34,-8.78,1.37,71,198,115,4,1,127,2.48,3,146,3,-9999
"73","Jake Bates","K","DET",149,4.45,0.813,145,157,2.11,6.84,0,71,101,130,4,1,130,2.25,10,146,3,-9999
"74","C.J. Stroud","QB","HOU",268,15,1.35,245,287,-13.8,-19.2,-21.1,71,304,342,17,6,126,3.84,54,265,3,-9999
"75","Omarion Hampton","RB","LAC",222,28.9,1.34,182,256,73.4,68.3,70.1,75,36,33,19,6,36.5,28.4,61,220,2,1
"76","Jake Elliott","K","PHI",148,4.49,1.27,140,153,1.29,2.14,-4.38,75,116,164,6,1,149,1.84,13,146,2,-9999
"77","Drake Maye","QB","NE",267,18.3,1.81,238,283,-15.1,-25.7,-24.8,75,371,386,18,6,121,4.26,66,265,2,-9999
"78","Matt Gay","K","WAS",147,7.97,0.023,139,161,0.023,0.806,3.41,78,125,107,7,1,161,1.5,65,146,1,-9999
"79","Chris Boswell","K","PIT",147,4.84,0.713,142,154,0,4.57,-3.74,78,105,156,7,1,141,1.63,55,146,1,-9999
"80","Steelers","DST","PIT",85.6,6.04,0.338,77.7,93.7,-9.74,-8.56,-12.8,80,197,244,9,7,124,2.13,10,85.3,0.299999999999997,-9999
"81","TreVeyon Henderson","RB","NE",220,28.6,10.2,182,271,72,69,85.3,81,35,24,20,6,47.6,22.6,64,220,0,-1
"82","Marvin Harrison Jr.","WR","ARI",236,17,0.146,210,262,35.2,37.8,22.2,81,57,63,19,4,43.9,19.8,21,236,0,15
"83","D.J. Moore","WR","CHI",236,18.7,3.67,215,267,35.1,42.6,27.5,81,55,53,19,4,56,14.6,39,236,0,15
"84","Evan Engram","TE","DEN",163,17.2,0.497,138,184,16.5,6.04,8.46,81,102,88,9,5,96.9,6.65,31,163,0,-58
"85","Tyler Warren","TE","IND",163,19.4,8.88,144,204,16,12.9,29,81,82,52,9,6,98.4,7.77,63,163,0,-58
"86","Harrison Butker","K","KC",146,5.83,0.0529,138,154,-0.713,0.31,-3.15,81,128,153,9,1,149,1.88,19,146,0,-9999
"87","Tyler Bass","K","BUF",146,8.83,2.33,135,161,-0.766,-2.56,3.86,81,147,106,9,1,149,1.66,35,146,0,-9999
"88","Cowboys","DST","DAL",85.3,12,0.223,73.2,102,-10.1,-13.1,-4.57,81,232,168,10,8,156,0.65,97,85.3,0,-9999
"89","Jordan Love","QB","GB",265,13.7,0.61,244,286,-17,-20,-22.4,81,308,358,19,6,124,4.6,40,265,0,-9999
"90","Trevor Lawrence","QB","JAC",265,15.5,10.4,241,286,-17.6,-22.5,-22.3,81,345,354,19,6,135,3.59,37,265,0,-9999
"91","49ers","DST","SF",85,10,0.0176,67.8,94.4,-10.3,-18.5,-12,91,293,238,11,8,147,0.893,87,85.3,-0.299999999999997,-9999
"92","Seahawks","DST","SEA",85,5.43,0.808,78.3,92.1,-10.3,-8.05,-14.4,91,192,263,11,8,156,1.15,13,85.3,-0.299999999999997,-9999
"93","Lions","DST","DET",84.2,11,0.114,65.3,94,-11.1,-21,-12.5,93,320,241,13,9,153,1.25,55,85.3,-1.09999999999999,-9999
"94","Chiefs","DST","KC",84.1,8.03,0.166,72.4,90.9,-11.2,-13.9,-15.6,94,240,275,14,9,158,0.685,32,85.3,-1.2,-9999
"95","Commanders","DST","WAS",83.9,12.4,0.366,64.9,96.5,-11.4,-21.4,-9.96,95,327,213,15,9,161,0.75,74,85.3,-1.39999999999999,-9999
"96","Giants","DST","NYG",83.6,14.4,0.291,66.4,102,-11.8,-19.9,-4.5,96,307,167,16,9,163,0.2,99,85.3,-1.7,-9999
"97","Wil Lutz","K","DEN",144,5.16,0.154,139,153,-3.1,0.728,-4.32,97,126,163,11,1,155,1.58,29,146,-2,-9999
"98","Evan McPherson","K","CIN",144,8.98,0.77,133,158,-3.25,-4.7,1.01,97,162,122,11,1,165,1.62,61,146,-2,-9999
"99","Chargers","DST","LAC",83.3,9.13,1.7,72.3,95.1,-12.1,-14,-11.4,97,241,230,17,10,163,0.5,68,85.3,-2,-9999
"100","Younghoe Koo","K","ATL",143,8.94,0.922,133,156,-4.02,-4.6,-1.09,100,161,139,13,1,162,1.39,45,146,-3,-9999
"101","Cardinals","DST","ARI",81.6,12.1,0.0205,61.8,93.6,-13.8,-24.5,-12.9,101,363,245,18,10,161,0.877,94,85.3,-3.7,-9999
"102","Bengals","DST","CIN",81.6,6.17,0.696,72.5,89.4,-13.8,-13.8,-17.1,101,238,295,18,11,158,0,29,85.3,-3.7,-9999
"103","DK Metcalf","WR","PIT",232,5.69,0.772,225,240,31.4,53.3,0.37,103,47,126,21,4,50.3,16.8,3,236,-4,11
"104","Tyler Loop","K","BAL",142,4.38,1.93,133,145,-4.94,-4.46,-12.6,103,159,243,14,2,164,1.95,58,146,-4,-9999
"105","Browns","DST","CLE",80.9,10.8,0.689,64.2,91.6,-14.5,-22.1,-14.9,105,338,266,20,12,167,0,84,85.3,-4.39999999999999,-9999
"106","Courtland Sutton","WR","DEN",231,18.8,3.03,215,262,30.6,43.1,22.2,106,54,62,22,5,56.5,17.6,26,236,-5,10
"107","Raiders","DST","LVR",80.2,9.78,0.219,66.2,92,-15.2,-20.1,-14.5,107,312,264,21,12,170,0,35,85.3,-5.09999999999999,-9999
"108","Buccaneers","DST","TB",80,9.58,0.152,64.1,92.2,-15.4,-22.2,-14.3,108,341,261,22,12,156,0.2,52,85.3,-5.3,-9999
"109","Colts","DST","IND",79.8,3.59,0.0219,74.2,83.5,-15.5,-12.1,-23,109,223,366,23,12,166,0.5,16,85.3,-5.5,-9999
"110","Bears","DST","CHI",79.8,8.47,0.43,68,89.5,-15.6,-18.3,-17,109,291,291,23,13,151,0.65,45,85.3,-5.5,-9999
"111","Falcons","DST","ATL",79.4,8.89,0.394,68.3,92.9,-16,-18,-13.6,111,289,252,25,13,170,0,42,85.3,-5.89999999999999,-9999
"112","Brandon McManus","K","GB",140,11.3,0.511,125,155,-6.87,-13.3,-1.99,112,235,144,15,2,164,1.34,84,146,-6,-9999
"113","Daniel Carlson","K","LVR",140,9.42,1.08,122,147,-7.38,-15.6,-10.4,112,260,220,15,2,173,1.49,71,146,-6,-9999
"114","Jets","DST","NYJ",79,8.77,1.7,66.6,89.3,-16.4,-19.7,-17.2,114,305,296,26,14,172,0.3,61,85.3,-6.3,-9999
"115","Zay Flowers","WR","BAL",228,17.3,0.936,197,247,27.6,24.8,7.55,115,66,91,23,5,66.9,10,33,236,-8,7
"116","Will Reichard","K","MIN",138,8.92,1.81,129,152,-8.46,-8.86,-5.42,115,200,177,17,2,166,1.78,74,146,-8,-9999
"117","Dolphins","DST","MIA",77.3,12.7,0.498,62,94,-18.1,-24.3,-12.5,115,360,242,27,14,170,0,81,85.3,-8,-9999
"118","Saints","DST","NO",76.8,14.1,2.12,55.6,92.7,-18.6,-30.7,-13.8,118,416,253,28,15,170,0,71,85.3,-8.5,-9999
"119","DeVonta Smith","WR","PHI",227,15.4,2.49,211,251,26.7,38.8,10.9,119,56,80,24,5,61.6,12.5,15,236,-9,6
"120","Tucker Kraft","TE","GB",154,17.2,2.91,121,177,7.12,-10.2,1.41,119,209,113,11,6,109,3.96,34,163,-9,-67
"121","Joshua Karty","K","LAR",137,6.78,0.885,130,146,-10.3,-8.16,-11.8,119,195,235,18,2,164,1.49,16,146,-9,-9999
"122","D'Andre Swift","RB","CHI",210,29,5.25,176,261,61.8,63.1,74.6,122,39,32,21,6,58.2,15.8,62,220,-10,-11
"123","Cam Little","K","JAC",136,10.7,0.733,121,155,-11.2,-17.2,-2.23,122,283,145,19,2,157,2.17,68,146,-10,-9999
"124","Jaguars","DST","JAC",74.6,13.3,0.869,51.7,89.2,-20.7,-34.6,-17.3,124,438,297,29,16,170,0,65,85.3,-10.7,-9999
"125","Xavier Worthy","WR","KC",225,21,1.37,191,252,24.2,18.9,11.9,125,71,78,25,5,56.5,13,57,236,-11,4
"126","Jason Myers","K","SEA",135,3.93,0.292,130,140,-11.9,-8.15,-17.5,125,194,300,20,2,165,0.1,6,146,-11,-9999
"127","Jake Moody","K","SF",135,8.63,2.45,126,149,-12.2,-12.3,-8.19,125,226,201,20,2,167,1.68,48,146,-11,-9999
"128","Bryce Young","QB","CAR",254,19.3,2.53,229,281,-28,-35,-26.8,125,441,404,21,7,155,2.74,43,265,-11,-9999
"129","Titans","DST","TEN",73.8,13.1,2.43,56.5,88.5,-21.6,-29.8,-18,129,410,311,30,17,170,0,48,85.3,-11.5,-9999
"130","Jake Ferguson","TE","DAL",151,7.73,4.21,144,165,4.21,12.8,-10.1,130,84,215,12,6,132,2.72,6,163,-12,-70
"131","Jerry Jeudy","WR","CLE",223,22.9,0.843,190,262,22.8,17.7,22.6,131,73,61,26,5,84.2,8.33,49,236,-13,2
"132","Geno Smith","QB","LVR",252,14.6,2.81,232,269,-30.5,-31.8,-39.2,131,422,488,22,7,151,4.21,20,265,-13,-9999
"133","Calvin Ridley","WR","TEN",222,16.5,1.09,204,249,22,32.5,9.27,133,60,86,27,5,68.2,12.9,28,236,-14,1
"134","Cairo Santos","K","CHI",132,6,1.12,125,142,-14.6,-13.3,-15.6,133,234,274,22,3,173,0.5,26,146,-14,-9999
"135","Patriots","DST","NE",71.3,10.6,2.26,57.3,82.8,-24,-29,-23.7,133,402,371,31,18,166,0.9,90,85.3,-14,-9999
"136","Tony Pollard","RB","TEN",205,20.3,2.8,168,226,56.6,54.4,40.3,136,46,45,22,6,65.1,15.4,22,220,-15,-16
"137","Tetairoa McMillan","WR","CAR",221,22.9,5,181,255,20.9,8.88,15.6,136,99,69,28,5,66.4,13.6,61,236,-15,0
"138","Chad Ryland","K","ARI",131,11.7,2.28,116,150,-15.8,-22.2,-7.25,136,340,196,23,3,171,0,87,146,-15,-9999
"139","Dallas Goedert","TE","PHI",147,17.4,1.12,115,168,0,-16.9,-7.84,139,278,197,13,6,133,2.72,37,163,-16,-74
"140","Michael Penix Jr.","QB","ATL",249,12.3,0.0903,236,267,-33.3,-28.2,-40.8,139,391,492,23,7,147,2.44,17,265,-16,-9999
"141","Tua Tagovailoa","QB","MIA",249,21.1,0.00823,220,277,-33.4,-43.3,-30.6,139,476,434,23,7,142,3.35,49,265,-16,-9999
"142","Matthew Stafford","QB","LAR",249,16.5,6.91,229,273,-33.4,-35.1,-34.7,139,443,456,23,7,148,4.61,51,265,-16,-9999
"143","Panthers","DST","CAR",69.1,11.3,0,57,85.9,-26.3,-29.3,-20.6,143,404,336,32,18,170,0.1,58,85.3,-16.2,-9999
"144","Colston Loveland","TE","CHI",146,31.1,1.22,88.5,186,-1.12,-43,10.2,144,474,82,14,6,119,4.39,94,163,-17,-75
"145","Spencer Shrader","K","IND",129,19.2,2.4,100,153,-18,-37.7,-4.49,144,459,166,24,3,169,0,81,146,-17,-9999
"146","Aaron Jones","RB","MIN",202,13.3,5.34,176,212,53.8,62.5,26.4,146,40,54,23,7,68.1,13.7,6,220,-18,-19
"147","Dalton Kincaid","TE","BUF",144,7.25,1.19,136,156,-2.33,4.29,-18.9,147,106,317,15,6,134,2.68,9,163,-19,-77
"148","Blake Grupe","K","NO",127,11.1,2.71,112,147,-20.4,-25.9,-10.7,147,373,223,25,3,170,0,42,146,-19,-9999
"149","Jameson Williams","WR","DET",216,13.5,6.11,203,240,15.9,30.8,0.157,149,63,128,29,5,61.8,11.1,18,236,-20,-5
"150","Kyle Pitts","TE","ATL",143,9.36,0.00779,132,157,-3.53,0,-18.7,149,130,314,16,6,135,4.35,20,163,-20,-78
"151","Zach Ertz","TE","WAS",143,16.6,2.61,124,171,-3.53,-7.34,-4.05,149,186,161,16,7,145,2.43,54,163,-20,-78
"152","Hunter Henry","TE","NE",141,21.2,2.79,99,160,-6.14,-32.5,-15.8,152,427,278,18,7,149,2.25,74,163,-22,-80
"153","Jason Sanders","K","MIA",124,19.9,2.8,101,155,-23.1,-37.4,-1.85,152,456,142,26,4,149,1.82,99,146,-22,-9999
"154","RJ Harvey","RB","DEN",197,22.2,4.74,172,230,48.4,58.3,44.2,154,43,43,24,7,62.8,15.1,41,220,-23,-24
"155","Sam Darnold","QB","SEA",242,14.7,3.4,218,260,-40.3,-46,-48.2,154,488,515,26,7,152,3.99,23,265,-23,-9999
"156","Jonnu Smith","TE","PIT",138,23.8,4.43,101,175,-8.93,-30.4,0,156,414,130,19,7,143,1.84,86,163,-25,-83
"157","Andres Borregales","K","NE",121,12.6,0.506,101,137,-26,-36.8,-20.6,156,453,337,27,4,170,0,52,146,-25,-9999
"158","Travis Hunter","WR","JAC",210,26.3,1.39,183,252,9.77,10.9,12.9,158,91,74,30,5,77.3,8.89,74,236,-26,-11
"159","Travis Hunter","WR","JAC",210,26.3,1.39,183,252,9.77,10.9,12.9,158,91,74,30,5,77.3,8.89,93,236,-26,-11
"160","Joey Slye","K","TEN",120,5.7,1.11,111,129,-26.5,-27,-28.7,158,379,418,28,4,170,0,1,146,-26,-9999
"161","George Pickens","WR","DAL",209,13,2.24,188,226,8.37,15.8,-13.8,161,78,254,32,6,67.6,11.6,25,236,-27,-12
"162","Graham Gano","K","NYG",119,19.7,0.465,83.9,143,-27.6,-54,-13.9,161,508,255,29,4,170,0,94,146,-27,-9999
"163","Nick Folk","K","NYJ",119,16.7,3.49,92.6,136,-28,-45.3,-21.8,161,484,347,29,4,170,0.1,90,146,-27,-9999
"164","Cam Ward","QB","TEN",238,21.8,0.352,202,264,-43.7,-61.4,-43.8,161,515,501,27,7,150,4.99,57,265,-27,-9999
"165","Aaron Rodgers","QB","PIT",238,22.9,45.3,219,280,-44.1,-45,-28,161,480,412,27,8,149,8.01,34,265,-27,-9999
"166","David Montgomery","RB","DET",192,13.6,0.779,173,211,43.7,59.5,24.7,166,42,59,25,7,61.3,13.3,4,220,-28,-29
"167","Tyrone Tracy","RB","NYG",191,22,8.39,159,225,42.9,45.9,38.8,167,53,46,26,7,83.2,8.3,30,220,-29,-30
"168","Jaylen Waddle","WR","MIA",207,20.3,2.53,172,229,6.13,0,-10.8,167,130,224,33,6,79.7,11,51,236,-29,-14
"169","Chigoziem Okonkwo","TE","TEN",133,11.9,0.896,117,152,-13.4,-15,-23.4,169,254,370,20,7,172,2.13,40,163,-30,-88
"170","Brenton Strange","TE","JAC",133,14.4,4.07,117,154,-14.3,-14.6,-20.9,169,251,339,20,7,170,2.69,43,163,-30,-88
"171","Ryan Fitzgerald","K","CAR",115,21.6,11.9,81.1,136,-31.5,-56.8,-21.2,171,510,344,31,5,170,0,97,146,-31,-9999
"172","Deebo Samuel","WR","WAS",204,19.6,0.443,184,238,3.6,12.3,-1.4,172,85,140,34,6,90.1,7.9,47,236,-32,-17
"173","Chris Olave","WR","NO",204,24.1,0.462,171,245,3.16,-1.16,5.49,172,138,97,34,6,89.8,7.19,56,236,-32,-17
"174","Rome Odunze","WR","CHI",203,20.3,2.69,178,231,2.69,5.96,-8.5,174,103,203,36,6,87.1,7.12,54,236,-33,-18
"175","Jakobi Meyers","WR","LVR",201,12.4,3.21,181,217,0,9.05,-23.1,175,98,369,37,6,99,6,11,236,-35,-20
"176","Cade Otton","TE","TB",128,15.7,1.71,109,152,-18.3,-22.7,-22.9,175,348,363,22,7,160,1.65,51,163,-35,-93
"177","Dalton Schultz","TE","HOU",127,18.2,0.462,96.8,147,-20,-34.7,-28,177,439,411,23,7,177,2.42,69,163,-36,-94
"178","Isiah Pacheco","RB","KC",183,24.6,6.44,143,212,34.5,29.4,26.1,178,64,56,27,8,64.3,14.4,43,220,-37,-38
"179","Mike Gesicki","TE","CIN",126,10.4,1.15,115,140,-20.5,-16.8,-35,178,275,460,24,8,156,2.02,26,163,-37,-95
"180","Pat Freiermuth","TE","PIT",125,16.3,0.0391,99,149,-21.6,-32.5,-26,180,428,398,25,8,163,2.47,60,163,-38,-96
"181","Darren Waller","TE","MIA",125,15.9,3.44,95.1,141,-21.7,-36.4,-34.8,180,451,458,25,8,159,2.36,71,163,-38,-96
"182","Stefon Diggs","WR","NE",197,14.2,2.64,181,222,-3.21,9.06,-17.5,182,97,299,38,6,96.7,8.36,32,236,-39,-24
"183","Michael Pittman","WR","IND",195,15,0.186,170,212,-5.85,-2.25,-27.9,183,145,410,39,6,115,5.26,35,236,-41,-26
"184","Juwan Johnson","TE","NO",122,18.8,0.746,85.9,142,-25.1,-45.6,-33.3,183,486,446,27,8,170,1.45,77,163,-41,-99
"185","Cooper Kupp","WR","SEA",194,28.2,1.5,168,241,-6.04,-4.28,1.29,185,158,117,40,6,104,7.32,64,236,-42,-27
"186","Isaiah Likely","TE","BAL",121,19.1,1.29,95.9,146,-25.9,-35.6,-29.1,185,447,422,28,8,158,3.1,66,163,-42,-100
"187","Andre Szmyt","K","CLE",104,18.9,26.8,83,127,-43.4,-54.9,-30.5,185,509,430,32,6,170,0,77,146,-42,-9999
"188","Ricky Pearsall","WR","SF",193,28,0.988,153,241,-7.54,-18.7,1.09,188,295,120,41,6,88.5,8.59,72,236,-43,-28
"189","Mason Taylor","TE","NYJ",120,14.1,2.66,98.4,143,-27.2,-33.1,-32.5,188,431,443,29,8,162,2.01,57,163,-43,-101
"190","Jaylen Warren","RB","PIT",176,20.6,8.66,149,204,28.1,36.2,17.5,190,59,66,28,8,92.6,6.69,29,220,-44,-45
"191","Jauan Jennings","WR","SF",192,20.6,1.5,163,226,-8.53,-8.54,-13.3,190,196,249,42,6,115,4.85,42,236,-44,-29
"192","Matthew Golden","WR","GB",191,27.8,6.57,144,233,-10,-28.4,-7.02,192,393,192,43,7,95.7,8.06,76,236,-45,-30
"193","Tyler Higbee","TE","LAR",117,21.2,5.23,92.4,153,-29.8,-39.1,-22.3,193,463,356,30,8,183,1.42,89,163,-46,-104
"194","Theo Johnson","TE","NYG",112,26.9,0.632,58.2,141,-35.1,-73.3,-34.7,194,538,457,31,8,184,1.02,91,163,-51,-109
"195","Austin Ekeler","RB","WAS",168,16.2,2.9,137,186,19.4,23.6,0,195,67,130,29,8,109,6.94,49,220,-52,-53
"196","Jordan Addison","WR","MIN",184,27.5,0.881,156,240,-16.6,-16.5,0,195,271,130,44,7,104,4.25,62,236,-52,-37
"197","Robbie Ouzts","TE","SEA",111,,8.02,,,-35.7,,,195,,,32,9,,,99,163,-52,-110
"198","Khalil Shakir","WR","BUF",183,21.1,2.51,154,219,-17.5,-18.4,-21.1,198,292,343,45,7,115,4.28,44,236,-53,-38
"199","Kaleb Johnson","RB","PIT",165,23.9,12.3,125,197,16.5,11.3,10.7,199,90,81,30,9,82.3,8.06,65,220,-55,-56
"200","Rashee Rice","WR","KC",181,35.3,0.403,140,244,-20,-32,3.95,199,424,105,46,7,77.6,9.41,89,236,-55,-40
"201","Josh Downs","WR","IND",180,20.6,0.171,161,215,-20.4,-11.4,-24.4,201,219,380,47,7,133,2.62,38,236,-56,-41
"202","Emeka Egbuka","WR","TB",180,23.1,0.631,158,223,-20.6,-14.2,-16.4,201,247,286,47,7,91.7,11.1,68,236,-56,-41
"203","Chris Godwin","WR","TB",179,33.4,4.01,153,246,-21.2,-19,6.04,203,296,96,49,7,112,5.38,83,236,-57,-42
"204","Elijah Arroyo","TE","SEA",103,31.3,3.5,53.7,141,-43.7,-77.8,-34.4,204,548,454,33,9,166,3.04,97,163,-60,-118
"205","Jayden Reed","WR","GB",175,27.8,2.87,128,220,-25.2,-43.6,-20,205,477,330,50,7,125,2.51,67,236,-61,-46
"206","Ja'Tavion Sanders","TE","CAR",99.6,15.2,4.98,78.1,118,-47.2,-53.4,-57.4,206,506,532,34,10,178,1.34,49,163,-63.4,-121.4
"207","Rashid Shaheed","WR","NO",172,11.1,4.63,156,187,-28.1,-16.1,-52.6,207,266,526,51,7,144,2.64,14,236,-64,-49
"208","Zach Charbonnet","RB","SEA",153,18.7,0.583,129,180,4.21,16.2,-5.59,208,76,179,31,9,110,5.85,25,220,-67,-68
"209","Travis Etienne","RB","JAC",152,22.5,3.09,125,188,3.63,12.1,1.72,209,86,112,32,9,107,7.37,42,220,-68,-69
"210","Keon Coleman","WR","BUF",168,18.6,8.21,141,195,-32.7,-30.6,-45.1,209,415,503,52,8,117,3.27,53,236,-68,-53
"211","Will Dissly","TE","LAC",94.6,17.4,4.56,65.1,109,-52.2,-66.4,-66,211,526,555,35,10,170,1.09,80,163,-68.4,-126.4
"212","Javonte Williams","RB","DAL",149,13.9,0.268,133,169,0.54,19.4,-17.4,212,70,298,33,9,116,6.29,17,220,-71,-72
"213","J.K. Dobbins","RB","DEN",149,29.1,0.273,113,198,0.273,-0.194,12.5,212,134,75,33,9,102,6.36,77,220,-71,-72
"214","Joe Mixon","RB","HOU",148,38.2,5.08,113,223,0,0,36.7,214,130,48,35,9,103,7.4,99,220,-72,-73
"215","Russell Wilson","QB","NYG",193,48.6,2.46,116,245,-89.4,-148,-62.9,214,740,549,29,8,159,4.11,80,265,-72,-9999
"216","Noah Fant","TE","CIN",90,16.4,1.52,71.2,113,-56.7,-60.3,-62.6,216,512,547,36,10,170,1.34,83,163,-73,-131
"217","Daniel Jones","QB","IND",190,75.2,30.1,46.6,279,-91.9,-217,-28.9,217,798,420,30,9,150,5.31,89,265,-75,-9999
"218","Marvin Mims","WR","DEN",160,30,4.64,126,207,-40.9,-46.4,-32.9,218,489,445,53,8,140,2.52,79,236,-76,-61
"219","Rhamondre Stevenson","RB","NE",143,24.2,7.09,112,176,-5.08,-1.54,-10.1,219,142,216,36,10,116,4.29,55,220,-77,-78
"220","Rashod Bateman","WR","BAL",155,20.8,1.2,124,181,-45.6,-48.1,-59,220,494,538,54,8,145,3.14,58,236,-81,-66
"221","Xavier Legette","WR","CAR",154,19.4,0.228,119,176,-46.8,-52.8,-63.7,221,503,551,55,8,157,1.44,65,236,-82,-67
"222","Keenan Allen","WR","LAC",154,30.3,0.256,118,193,-47,-53.8,-47,221,507,513,55,8,132,3.99,92,236,-82,-67
"223","Wan'Dale Robinson","WR","NYG",153,25.6,0.106,114,180,-47.2,-58,-59.6,223,511,540,57,8,165,2,81,236,-83,-68
"224","Darnell Mooney","WR","ATL",153,63.7,7.45,18.2,203,-47.4,-154,-36.9,223,750,474,57,8,137,2.98,97,236,-83,-68
"225","Jerome Ford","RB","CLE",136,28.6,1.59,115,195,-12.2,1.6,9.11,225,120,87,37,10,137,3.75,81,220,-84,-85
"226","Rachaad White","RB","TB",135,18.3,9.02,107,156,-13.8,-5.96,-29.5,226,174,426,38,10,137,2.77,51,220,-85,-86
"227","Demario Douglas","WR","NE",146,21,0.235,109,169,-54.8,-63.1,-70.2,227,519,563,59,9,163,2.22,71,236,-90,-75
"228","Cedric Tillman","WR","CLE",145,23,2.29,101,166,-55,-70.9,-74,228,535,568,60,9,169,2.55,60,236,-91,-76
"229","Christian Kirk","WR","HOU",143,18.8,1.98,124,174,-57.3,-48,-65.9,229,493,554,61,9,143,2.67,50,236,-93,-78
"230","Quinshon Judkins","RB","CLE",126,39.8,1.97,80.7,198,-22.8,-32.5,12,230,429,77,39,10,120,3.83,94,220,-94,-95
"231","Marquise Brown","WR","KC",141,36.3,1.59,71,182,-59.3,-101,-57.3,231,603,531,62,9,158,3.56,82,236,-95,-80
"232","Cam Skattebo","RB","NYG",124,20.5,0.217,101,162,-24.8,-12.3,-23.8,232,227,374,40,10,118,4.02,54,220,-96,-97
"233","Brandon Aiyuk","WR","SF",140,49.7,0.222,82.7,237,-60.9,-89.3,-2.93,232,571,151,63,9,141,3.74,96,236,-96,-81
"234","Jacory Croskey-Merritt","RB","WAS",123,49.1,1.78,24.3,164,-25,-88.9,-22.3,234,569,355,41,10,99,10.8,96,220,-97,-98
"235","Jayden Higgins","WR","HOU",139,44.5,2.54,60.1,196,-61.1,-112,-43.6,234,642,500,64,9,140,2.71,99,236,-97,-82
"236","Jordan Mason","RB","MIN",122,19.6,4.63,82.5,139,-26.8,-30.8,-46.7,236,417,511,42,11,100,7.64,35,220,-98,-99
"237","Romeo Doubs","WR","GB",137,23.8,7.63,110,168,-63.7,-61.9,-71.4,237,517,564,65,9,174,1.6,69,236,-99,-84
"238","Tank Bigsby","RB","JAC",117,23.3,0.563,87.6,155,-31.4,-25.6,-30.5,238,370,431,43,11,115,3.5,58,220,-103,-104
"239","Najee Harris","RB","LAC",116,23.3,4.34,90.6,151,-31.9,-22.7,-34.6,239,347,455,44,11,130,4.41,72,220,-104,-105
"240","Spencer Rattler","QB","NO",160,78.9,30.1,23.3,246,-122,-241,-61.9,240,801,545,31,10,170,1.88,91,265,-105,-9999
"241","Michael Wilson","WR","ARI",129,20.1,1.78,110,160,-71.3,-62.4,-79.2,241,518,576,66,9,184,1.55,75,236,-107,-92
"242","Nick Chubb","RB","HOU",112,31.4,0.688,73.5,157,-36.3,-39.7,-28.9,242,467,419,45,11,124,5.21,88,220,-108,-109
"243","Jaydon Blue","RB","DAL",111,17.6,2.23,90.7,140,-37,-22.6,-45.6,243,346,507,46,11,138,3.39,48,220,-109,-110
"244","Adam Thielen","WR","MIN",127,41.3,4.29,81.7,186,-73.1,-90.3,-53.5,243,573,529,67,10,152,2.59,94,236,-109,-94
"245","Tyjae Spears","RB","TEN",109,31.3,2.48,62.3,152,-39.2,-50.9,-33.6,245,499,448,47,11,150,1.84,87,220,-111,-112
"246","Trey Benson","RB","ARI",107,14.6,0.785,91.1,125,-41.7,-22.1,-60.7,246,339,541,48,11,138,3.31,33,220,-113,-114
"247","Quentin Johnston","WR","LAC",123,39.4,1.91,70.2,177,-77.4,-102,-62.6,246,608,546,68,10,167,2.39,90,236,-113,-98
"248","Ray Davis","RB","BUF",106,29.2,0.339,73.1,160,-42.5,-40.1,-25.8,248,469,395,49,11,144,1.99,71,220,-114,-115
"249","Rico Dowdle","RB","CAR",106,18.9,2.61,85.7,139,-42.8,-27.5,-46.8,248,386,512,49,11,161,2.54,59,220,-114,-115
"250","Luther Burden","WR","CHI",121,34.6,1.59,76.3,182,-79.3,-95.7,-58.1,250,588,534,69,10,155,2.87,85,236,-115,-100
"251","Josh Palmer","WR","BUF",120,24.2,0.00376,86.5,150,-80.9,-85.5,-89.7,251,563,593,70,10,162,2.28,78,236,-116,-101
"252","Ray-Ray McCloud","WR","ATL",120,29.4,1.72,74,165,-80.9,-98,-75,251,596,570,70,10,193,1.68,99,236,-116,-101
"253","Braelon Allen","RB","NYJ",103,19.9,2.56,75.5,133,-45.4,-37.7,-53.4,253,460,528,51,11,132,4.68,57,220,-117,-118
"254","Tyler Lockett","WR","TEN",118,32.2,0.495,96.7,181,-82.6,-75.3,-58.4,254,544,536,72,10,175,2.28,86,236,-118,-103
"255","Alec Pierce","WR","IND",117,37.5,2.47,71.2,171,-83.1,-101,-68.7,255,601,559,73,10,177,1.81,88,236,-119,-104
"256","Tyler Allgeier","RB","ATL",100,7.03,2.86,91.7,113,-48,-21.5,-73.3,256,328,566,52,12,149,2.44,1,220,-120,-121
"257","Bhayshul Tuten","RB","JAC",97.5,18.3,0.121,67.7,125,-50.8,-45.6,-61.2,257,485,543,53,12,143,2.63,70,220,-122.5,-123.5
"258","Kareem Hunt","RB","KC",97.4,14.7,4.39,77.7,122,-51,-35.5,-63.7,258,446,550,54,12,163,2.88,38,220,-122.6,-123.6
"259","Justice Hill","RB","BAL",93,21.3,0.609,49,112,-55.4,-64.2,-74.1,259,522,569,55,12,173,2.08,74,220,-127,-128
"260","Brian Robinson","RB","SF",92.4,23.2,2.59,71.9,128,-56,-41.3,-57.6,260,471,533,56,12,125,3.83,78,220,-127.6,-128.6
"261","Dylan Sampson","RB","CLE",89.8,40.6,9.55,20.9,140,-58.5,-92.3,-45.5,261,580,506,57,12,148,3.06,93,220,-130.2,-131.2
"262","Joe Flacco","QB","CLE",130,63.7,14.1,42.2,218,-152,-222,-90.1,262,799,595,32,11,168,3.89,86,265,-135,-9999
"263","Roschon Johnson","RB","CHI",80.3,11.5,0.479,68.7,101,-68.1,-44.5,-84.6,263,479,584,58,12,175,2.01,36,220,-139.7,-140.7
"264","Audric Estime","RB","FA",79.8,,1.27,,,-68.6,,,264,,,59,13,,,99,220,-140.2,-141.2
"265","Khalil Herbert","RB","FA",78.5,18.2,4,66.1,91.2,-69.8,-47.1,-94.8,265,491,602,60,13,,,68,220,-141.5,-142.5
"266","Antonio Gibson","RB","NE",74.5,29.4,0.327,31.3,100,-73.8,-81.9,-85.7,266,557,587,61,13,,2.38,83,220,-145.5,-146.5
"267","Kendre Miller","RB","NO",74.2,18,1.43,51.7,103,-74.2,-61.5,-83.2,267,516,580,62,13,174,2.77,52,220,-145.8,-146.8
"268","Ty Johnson","RB","BUF",72.8,19.9,0.629,52.4,102,-75.6,-60.8,-84.4,268,513,583,63,13,170,1.12,67,220,-147.2,-148.2
"269","Jaylen Wright","RB","MIA",72.1,25.3,3.88,38.1,101,-76.2,-75.2,-85.2,269,542,586,64,13,165,1.3,86,220,-147.9,-148.9
"270","Anthony Richardson","QB","IND",116,96.9,37.6,8.02,262,-166,-256,-46,270,803,508,33,12,168,2.34,94,265,-149,-9999
"271","Raheem Mostert","RB","LVR",68.3,27.2,2.41,37.9,116,-80.1,-75.3,-69.6,271,543,561,65,13,177,2.06,84,220,-151.7,-152.7
"272","Ollie Gordon","RB","MIA",65.9,35,1.06,25.2,124,-82.5,-88.1,-61.6,272,567,544,66,13,141,4.71,90,220,-154.1,-155.1
"273","Gus Edwards","RB","FA",64.8,,1.22,,,-83.6,,,273,,,67,13,,,80,220,-155.2,-156.2
"274","Woody Marks","RB","HOU",63.6,38.1,0.177,5.51,120,-84.8,-108,-66.2,274,627,556,68,13,171,3.17,97,220,-156.4,-157.4
"275","Alexander Mattison","RB","MIA",63.4,,0.1,,,-85,,,275,,,69,13,,,,220,-156.6,-157.6
"276","Ameer Abdullah","RB","FA",63.3,,0.227,,,-85.1,,,276,,,70,13,,,,220,-156.7,-157.7
"277","Samaje Perine","RB","CIN",63.1,14.4,0.173,48.2,87.3,-85.3,-65.1,-98.7,277,525,610,71,13,171,1.38,75,220,-156.9,-157.9
"278","Cam Akers","RB","FA",62.9,,0.125,,,-85.5,,,278,,,72,13,,,91,220,-157.1,-158.1
"279","Kirk Cousins","QB","ATL",78.5,102,2.95,0.118,219,-204,-264,-88.6,279,839,592,34,12,170,1.92,97,265,-186.5,-9999
"280","Tyler Shough","QB","NO",75.5,51.8,17.1,3.58,142,-207,-260,-166,280,815,741,35,13,182,3.32,83,265,-189.5,-9999
"281","Deshaun Watson","QB","CLE",58.5,29.6,6.76,38.2,78.9,-224,-226,-229,281,800,802,36,14,,2.21,99,265,-206.5,-9999
"282","Brian Branch","DB","DET",107,8.2,3.58,102,113,17.8,17.9,15.1,,72,70,,1,,6.48,16,,,-9999
"283","Kerby Joseph","DB","DET",104,8.84,0.657,98.1,110,14.2,13.9,12,,80,76,,1,,11.9,63,,,-9999
"284","Jessie Bates","DB","ATL",103,4.17,2.58,100,106,13.6,16.2,7.95,,77,90,,1,,13.7,12,,,-9999
"285","Zack Baun","LB","PHI",101,9.12,1.36,95.1,108,11.7,7.87,16.7,,100,67,,1,,14.7,42,,,-9999
"286","Maxx Crosby","DL","LVR",53.9,3.25,1.22,51.5,56,11,11.4,10.1,,89,83,,1,,17.2,8,,,-9999
"287","Julian Love","DB","SEA",101,0.849,0.545,100,101,11,15.7,2.93,,79,110,,1,,7.15,1,,,-9999
"288","Kyle Hamilton","DB","BAL",100,4.6,1.91,97.1,103,10.5,12.8,5.14,,83,99,,1,,14.8,11,,,-9999
"289","Zaire Franklin","LB","IND",99.6,2.12,2.26,98.1,101,10.4,10.8,10,,93,84,,1,,17.1,1,,,-9999
"290","Andrew Van Ginkel","DL","MIN",52.6,0.99,5.65,52,53.4,9.78,11.9,7.51,,87,92,,2,,9.77,3,,,-9999
"291","Andrew Van Ginkel","DL","MIN",52.6,0.99,5.65,52,53.4,9.78,11.9,7.51,,87,92,,2,,9.77,44,,,-9999
"292","Julian Blackmon","DB","NO",98.1,,0.0388,,,8.54,,,,,,,1,,4.54,89,,,-9999
"293","Reed Blankenship","DB","PHI",98.1,6.51,2.16,93.9,103,8.5,9.63,4.59,,95,101,,2,,6.7,23,,,-9999
"294","Fred Warner","LB","SF",97.4,0.99,2.22,96.6,98,8.11,9.36,7.02,,96,93,,1,,16.2,2,,,-9999
"295","Budda Baker","DB","ARI",95.9,2.9,5.3,94,98,6.34,9.78,-0.221,,94,135,,3,,9.65,2,,,-9999
"296","Robert Spillane","LB","NE",95.1,3.25,0.762,93,97.5,5.89,5.78,6.55,,104,95,,1,,9.48,25,,,-9999
"297","Foyesade Oluokun","LB","JAC",94.4,6.36,3.2,90.3,99,5.13,3.03,8.08,,111,89,,2,,24.4,41,,,-9999
"298","Nik Bonitto","DL","DEN",47,4.88,0.655,43.9,50.6,4.12,3.81,4.71,,107,100,,2,,7.08,31,,,-9999
"299","Nik Bonitto","DL","DEN",47,4.88,0.655,43.9,50.6,4.12,3.81,4.71,,107,100,,2,,7.08,91,,,-9999
"300","T.J. Watt","DL","PIT",46.3,5.59,0.12,42.2,49.9,3.47,2.17,4.05,,115,103,,2,,16.2,28,,,-9999
"301","T.J. Watt","DL","PIT",46.3,5.59,0.12,42.2,49.9,3.47,2.17,4.05,,115,103,,2,,16.2,74,,,-9999
"302","Aidan Hutchinson","DL","DET",46.2,4.24,0.484,43.1,48.9,3.35,3.04,3.07,,110,109,,2,,18,14,,,-9999
"303","Jonathan Greenard","DL","MIN",45.7,6.01,0.737,41.9,50.2,2.87,1.82,4.28,,117,102,,2,,7.1,32,,,-9999
"304","Jonathan Greenard","DL","MIN",45.7,6.01,0.737,41.9,50.2,2.87,1.82,4.28,,117,102,,2,,7.1,76,,,-9999
"305","Anfernee Jennings","DL","NE",45,,1.62,,,2.13,,,,,,,3,,,95,,,-9999
"306","Daiyan Henley","LB","LAC",91.2,1.27,0.194,90.2,92,1.93,2.97,1.02,,112,121,,2,,6.89,34,,,-9999
"307","T.J. Edwards","LB","CHI",91,1.48,1.2,90,92.1,1.73,2.76,1.1,,114,119,,2,,11.1,19,,,-9999
"308","Kevin Byard","DB","CHI",90.6,11.6,1.04,83.2,99.1,1.04,-1.09,0.866,,137,124,,3,,9.22,42,,,-9999
"309","Ernest Jones","LB","SEA",89.8,3.39,0.305,87.3,91.9,0.537,0.0173,0.984,,129,123,,2,,10.1,27,,,-9999
"310","Bradley Chubb","DL","MIA",43.4,3.32,0.0466,41.2,45.8,0.505,1.18,-0.0513,,121,133,,3,,6.14,49,,,-9999
"311","Bradley Chubb","DL","MIA",43.4,3.32,0.0466,41.2,45.8,0.505,1.18,-0.0513,,121,133,,3,,6.14,59,,,-9999
"312","Derrick Brown","DL","CAR",43.3,10.2,0.459,35.8,49.8,0.459,-4.22,3.98,,156,104,,3,,,81,,,-9999
"313","Jamien Sherwood","LB","NYJ",89.5,2.33,0.232,87.8,91,0.232,0.491,0,,127,130,,2,,10.4,15,,,-9999
"314","Myles Garrett","DL","CLE",42.9,4.38,0.964,40.1,46.1,0,0,0.223,,130,127,,3,,17.4,19,,,-9999
"315","Roquan Smith","LB","BAL",89.2,2.69,0.766,87.3,91,0,0,-0.00525,,130,131,,2,,29.7,5,,,-9999
"316","Antoine Winfield","DB","TB",89.6,8.49,0.884,84.1,95.8,0,-0.138,-2.46,,133,146,,3,,8.59,21,,,-9999
"317","Nick Bolton","LB","KC",88.5,5.3,2.33,85.1,92.4,-0.766,-2.19,1.4,,143,114,,3,,7.46,44,,,-9999
"318","Calen Bullock","DB","HOU",88.7,5.3,0.672,85.3,92.6,-0.884,1.01,-5.68,,123,181,,3,,,82,,,-9999
"319","Khalil Mack","DL","LAC",41.9,0.141,0.223,41.8,42,-0.964,1.74,-3.87,,119,157,,3,,4.8,4,,,-9999
"320","Khalil Mack","DL","LAC",41.9,0.141,0.223,41.8,42,-0.964,1.74,-3.87,,119,157,,3,,4.8,42,,,-9999
"321","Jeffery Simmons","DL","TEN",41.7,3.54,0.12,39.1,43.9,-1.19,-0.978,-1.92,,136,143,,3,,6.91,22,,,-9999
"322","Josh Allen","DL","JAC",41.6,2.19,0.128,40,43,-1.31,-0.111,-2.9,,132,150,,3,,9.46,18,,,-9999
"323","Josh Allen","DL","JAC",41.6,2.19,0.128,40,43,-1.31,-0.111,-2.9,,132,150,,3,,9.46,62,,,-9999
"324","Harold Landry","DL","NE",41.4,2.19,0.436,40,43,-1.44,-0.0325,-2.82,,131,149,,3,,4.22,10,,,-9999
"325","Harold Landry","DL","NE",41.4,2.19,0.436,40,43,-1.44,-0.0325,-2.82,,131,149,,3,,4.22,56,,,-9999
"326","Camryn Bynum","DB","IND",88,0.919,0.387,87.4,88.7,-1.56,3.15,-9.57,,109,209,,3,,,18,,,-9999
"327","Brian Burns","DL","NYG",41,0,0.743,41,41,-1.87,0.935,-4.87,,124,171,,3,,8.42,1,,,-9999
"328","Brian Burns","DL","NYG",41,0,0.743,41,41,-1.87,0.935,-4.87,,124,171,,3,,8.42,41,,,-9999
"329","Coby Bryant","DB","SEA",87.6,33.3,0.445,66.3,112,-1.94,-18,13.8,,287,72,,3,,5.52,96,,,-9999
"330","Brandon Jones","DB","DEN",87.2,14,0.145,78.2,97.5,-2.39,-6.06,-0.793,,175,137,,3,,7.46,49,,,-9999
"331","Jordan Battle","DB","CIN",87,4.31,1.79,84.3,90.2,-2.53,0,-8.06,,130,200,,3,,5.45,28,,,-9999
"332","Danielle Hunter","DL","HOU",40.3,8.77,0.284,33.8,45.9,-2.62,-6.25,0,,176,130,,4,,9.05,58,,,-9999
"333","Danielle Hunter","DL","HOU",40.3,8.77,0.284,33.8,45.9,-2.62,-6.25,0,,176,130,,4,,9.05,96,,,-9999
"334","Leonard Williams","DL","SEA",40,8.2,0.248,34.7,46,-2.9,-5.34,0.129,,172,129,,4,,6.24,64,,,-9999
"335","Kaden Elliss","LB","ATL",86.1,0.212,0.158,86,86.3,-3.1,-1.26,-4.67,,141,169,,3,,16.9,10,,,-9999
"336","Trey Hendrickson","DL","CIN",39.7,7.21,0.497,35.1,45,-3.15,-4.96,-0.847,,164,138,,4,,7.34,40,,,-9999
"337","Lavonte David","LB","TB",86,1.56,0.6,84.8,87,-3.26,-2.43,-3.99,,146,159,,3,,14.2,7,,,-9999
"338","Jaelan Phillips","DL","MIA",39.2,5.23,0.175,35.9,43.1,-3.64,-4.19,-2.8,,155,148,,4,,6.34,55,,,-9999
"339","Jaelan Phillips","DL","MIA",39.2,5.23,0.175,35.9,43.1,-3.64,-4.19,-2.8,,155,148,,4,,6.34,83,,,-9999
"340","DeForest Buckner","DL","IND",39.1,10.6,0.273,31.3,45.8,-3.82,-8.81,-0.0273,,199,132,,4,,4.37,72,,,-9999
"341","Jordyn Brooks","LB","MIA",85.4,5.16,0.407,82.1,89.2,-3.86,-5.19,-1.79,,168,141,,3,,7.78,37,,,-9999
"342","Alex Highsmith","DL","PIT",38.8,4.24,0.0486,36.1,41.9,-4.09,-4,-3.97,,152,158,,4,,6.79,23,,,-9999
"343","Alex Highsmith","DL","PIT",38.8,4.24,0.0486,36.1,41.9,-4.09,-4,-3.97,,152,158,,4,,6.79,69,,,-9999
"344","Nick Bosa","DL","SF",38.7,3.46,0.579,36.2,40.9,-4.14,-3.88,-4.92,,151,172,,4,,12.1,6,,,-9999
"345","Alex Singleton","LB","DEN",85,4.31,0.0126,81.8,87.7,-4.27,-5.46,-3.23,,173,154,,3,,10.4,36,,,-9999
"346","Alex Anzalone","LB","DET",85,3.11,0.678,82.7,87,-4.28,-4.59,-4.01,,160,160,,3,,6.22,47,,,-9999
"347","Nick Cross","DB","IND",85.2,7.99,0.166,80.1,91.1,-4.32,-4.15,-7.15,,154,195,,3,,8.66,39,,,-9999
"348","Trevon Moehrig","DB","CAR",85.1,9.26,0.131,79.1,91.9,-4.49,-5.13,-6.38,,167,188,,3,,6.74,47,,,-9999
"349","Byron Murphy","DB","MIN",84.9,6.01,0.27,81.1,89.4,-4.62,-3.17,-8.9,,149,206,,3,,5.4,67,,,-9999
"350","Jermaine Johnson","DL","NYJ",38.2,0.99,0.659,37.4,38.8,-4.72,-2.64,-7.08,,148,194,,4,,,21,,,-9999
"351","Jermaine Johnson","DL","NYJ",38.2,0.99,0.659,37.4,38.8,-4.72,-2.64,-7.08,,148,194,,4,,,54,,,-9999
"352","Derwin James","DB","LAC",84.7,2.55,0.444,83,86.5,-4.89,-1.23,-11.7,,139,234,,3,,12.4,4,,,-9999
"353","Logan Wilson","LB","CIN",84.3,10.3,0.431,76.8,90.8,-4.96,-10.5,-0.118,,212,134,,3,,9.7,49,,,-9999
"354","Jeremy Chinn","DB","LVR",84.2,3.39,0.158,82.1,86.7,-5.33,-2.21,-11.5,,144,232,,3,,6.58,5,,,-9999
"355","Will Anderson","DL","HOU",37.5,6.86,0.699,33.1,42.5,-5.38,-6.96,-3.34,,181,155,,4,,9.36,35,,,-9999
"356","Bobby Okereke","LB","NYG",83.9,2.83,0.343,82,85.9,-5.39,-5.22,-5.03,,169,175,,3,,11.5,51,,,-9999
"357","Grant Delpit","DB","CLE",84.1,1.63,0.765,83,85.3,-5.49,-1.24,-13,,140,247,,4,,6.89,9,,,-9999
"358","Quincy Williams","LB","NYJ",83.5,0.778,0.335,83,84.1,-5.73,-4.25,-6.88,,157,190,,3,,7.97,14,,,-9999
"359","Bobby Wagner","LB","WAS",83.2,4.31,0.227,80,85.9,-6.07,-7.26,-5.03,,184,174,,3,,12.2,29,,,-9999
"360","Carl Granderson","DL","NO",36.8,9.48,0.00836,29.8,42.9,-6.08,-10.2,-3.01,,210,152,,4,,,90,,,-9999
"361","Gregory Rousseau","DL","BUF",36.8,6.43,0.229,32.1,40.9,-6.09,-8.01,-4.97,,189,173,,4,,9.14,36,,,-9999
"362","Chamarri Conner","DB","KC",83.3,,0.523,,,-6.26,,,,,,,4,,,99,,,-9999
"363","Tyrel Dodson","LB","MIA",82.9,10.6,1.48,76.2,90.7,-6.29,-11.1,-0.225,,216,136,,4,,6.34,53,,,-9999
"364","Cameron Heyward","DL","PIT",36.6,0.849,0.261,36,37.2,-6.32,-4.05,-8.69,,153,204,,4,,4.44,12,,,-9999
"365","Micah Parsons","DL","GB",36.3,5.66,0.385,32.1,39.9,-6.58,-7.93,-5.95,,188,183,,5,,20.4,27,,,-9999
"366","Micah Parsons","DL","GB",36.3,5.66,0.385,32.1,39.9,-6.58,-7.93,-5.95,,188,183,,5,,20.4,68,,,-9999
"367","Tyrique Stevenson","DB","CHI",82.8,3.32,0.466,80.6,85.2,-6.78,-3.61,-13,,150,248,,4,,,77,,,-9999
"368","D.J. Wonnum","DL","CAR",35.9,7.5,0.0592,31.1,41.4,-6.96,-8.95,-4.45,,201,165,,5,,4.99,73,,,-9999
"369","Kobie Turner","DL","LAR",35.9,4.81,0.0737,32.3,38.9,-7.02,-7.75,-6.94,,187,191,,5,,8.02,24,,,-9999
"370","Jared Verse","DL","LAR",35.8,3.39,0.469,33.3,37.9,-7.09,-6.78,-7.92,,180,198,,5,,,15,,,-9999
"371","Jared Verse","DL","LAR",35.8,3.39,0.469,33.3,37.9,-7.09,-6.78,-7.92,,180,198,,5,,,79,,,-9999
"372","Xavier McKinney","DB","GB",82.3,11.7,0.309,73.7,89.8,-7.25,-10.6,-8.42,,213,202,,4,,8.14,37,,,-9999
"373","YaYa Diaby","DL","TB",35.3,6.58,0.808,31.1,40.1,-7.56,-8.97,-5.73,,202,182,,5,,3.38,47,,,-9999
"374","YaYa Diaby","DL","TB",35.3,6.58,0.808,31.1,40.1,-7.56,-8.97,-5.73,,202,182,,5,,3.38,87,,,-9999
"375","DeShon Elliott","DB","PIT",82,7.64,0.602,77.1,87.6,-7.56,-7.15,-10.6,,183,222,,4,,9.46,33,,,-9999
"376","Azeez Al-Shaair","LB","HOU",81.5,0.707,2.63,81,82,-7.78,-6.26,-8.98,,177,208,,4,,21.1,17,,,-9999
"377","Jaylon Jones","DB","IND",81.4,,0.272,,,-8.16,,,,,,,4,,4.34,,,,-9999
"378","Kyle Van Noy","DL","BAL",34.5,,0.11,,,-8.37,,,,,,,5,,3.26,67,,,-9999
"379","Kyle Van Noy","DL","BAL",34.5,,0.11,,,-8.37,,,,,,,5,,3.26,99,,,-9999
"380","Mike Sainristil","DB","WAS",81.1,4.38,0.749,77.9,83.9,-8.43,-6.36,-14.3,,178,262,,4,,,46,,,-9999
"381","AShawn Robinson","DL","CAR",34.4,2.12,0.61,33,35.9,-8.48,-7.03,-9.92,,182,211,,5,,2.76,13,,,-9999
"382","Josh Sweat","DL","ARI",33.8,4.24,0.019,31.1,36.9,-9.09,-9,-8.97,,203,207,,5,,5.35,29,,,-9999
"383","Josh Sweat","DL","ARI",33.8,4.24,0.019,31.1,36.9,-9.09,-9,-8.97,,203,207,,5,,5.35,71,,,-9999
"384","Zach Allen","DL","DEN",33.8,2.69,0.341,32,35.7,-9.11,-8.03,-10.1,,190,217,,5,,5.86,9,,,-9999
"385","Kenny Moore","DB","IND",80.4,4.24,0.221,77.7,83.5,-9.18,-6.6,-14.8,,179,265,,4,,,26,,,-9999
"386","Xavier Woods","DB","TEN",80.2,1.77,1.41,79,81.5,-9.4,-5.24,-16.8,,170,287,,4,,,60,,,-9999
"387","Demarcus Lawrence","DL","SEA",33.4,8.27,0.106,28.1,39.5,-9.45,-11.9,-6.37,,220,187,,5,,2.64,82,,,-9999
"388","Tuli Tuipulotu","DL","LAC",33.3,4.1,0.414,30.3,35.9,-9.56,-9.76,-9.93,,207,212,,5,,,33,,,-9999
"389","Tuli Tuipulotu","DL","LAC",33.3,4.1,0.414,30.3,35.9,-9.56,-9.76,-9.93,,207,212,,5,,,50,,,-9999
"390","Braden Fiske","DL","LAR",32.9,,0.0874,,,-9.97,,,,,,,5,,,63,,,-9999
"391","Travon Walker","DL","JAC",32.8,1.2,0.162,31.9,33.6,-10.1,-8.14,-12.3,,193,240,,5,,7.32,1,,,-9999
"392","Travon Walker","DL","JAC",32.8,1.2,0.162,31.9,33.6,-10.1,-8.14,-12.3,,193,240,,5,,7.32,45,,,-9999
"393","George Karlaftis","DL","KC",32.7,8.63,0.0569,27.1,39,-10.2,-12.9,-6.88,,228,189,,5,,7.01,65,,,-9999
"394","Cameron Jordan","DL","NO",32.6,3.96,0.394,30.1,35.5,-10.3,-10,-10.4,,208,218,,5,,,78,,,-9999
"395","Tremaine Edmunds","LB","CHI",78.8,1.27,0.474,78,79.8,-10.4,-9.25,-11.2,,206,229,,4,,6.67,32,,,-9999
"396","Keion White","DL","NE",32.2,,0.3,,,-10.7,,,,,,,6,,,17,,,-9999
"397","Keion White","DL","NE",32.2,,0.3,,,-10.7,,,,,,,6,,,97,,,-9999
"398","Devon Witherspoon","DB","SEA",78.8,5.73,0.453,75.1,83,-10.8,-9.18,-15.3,,205,269,,4,,6.94,19,,,-9999
"399","Cody Barton","LB","TEN",78.4,2.69,1.08,76.6,80.3,-10.9,-10.6,-10.6,,214,221,,4,,8.33,31,,,-9999
"400","Byron Young","DL","LAR",31.9,,0.529,,,-11,,,,,,,6,,,,,,-9999
"401","Jaquan Brisker","DB","CHI",78.3,9.62,0.329,72.1,85.4,-11.3,-12.1,-12.9,,224,246,,4,,6.79,30,,,-9999
"402","Kwity Paye","DL","IND",31.4,0.566,0.983,31,31.8,-11.5,-9.06,-14.1,,204,259,,6,,,5,,,-9999
"403","Alontae Taylor","DB","NO",78,6.15,0.427,73.5,81.9,-11.6,-10.8,-16.3,,215,285,,4,,4.97,54,,,-9999
"404","Patrick Queen","LB","PIT",77.3,0.424,0.263,77,77.6,-12,-10.3,-13.4,,211,250,,4,,13.2,22,,,-9999
"405","Cam Taylor-Britt","DB","CIN",77.5,2.05,2.28,76.2,79,-12,-8.03,-19.2,,191,320,,5,,,61,,,-9999
"406","Edgerrin Cooper","LB","GB",77,13.7,1.51,66.9,85.8,-12.2,-20.3,-5.17,,315,176,,5,,,56,,,-9999
"407","Quinnen Williams","DL","NYJ",30.4,5.52,0.112,26.3,33.9,-12.5,-13.7,-12,,237,236,,6,,,51,,,-9999
"408","Zach Sieler","DL","MIA",30.3,7.21,0.221,25,34.9,-12.6,-15.1,-11,,258,227,,6,,,46,,,-9999
"409","Adam Butler","DL","LVR",30.1,2.97,0.0296,27.9,32,-12.8,-12.2,-13.9,,225,256,,6,,,86,,,-9999
"410","Jonathon Cooper","DL","DEN",30,9.12,0.341,23.3,35.9,-12.8,-16.7,-10,,273,214,,6,,,77,,,-9999
"411","Jonathon Cooper","DL","DEN",30,9.12,0.341,23.3,35.9,-12.8,-16.7,-10,,273,214,,6,,,85,,,-9999
"412","Christian Barmore","DL","NE",29.7,3.54,0.27,27.1,31.9,-13.2,-13,-13.9,,229,257,,6,,,53,,,-9999
"413","Jonathan Allen","DL","MIN",29.4,7,0.0167,24.3,33.9,-13.5,-15.8,-12,,262,237,,6,,,60,,,-9999
"414","Grover Stewart","DL","IND",29.4,0.919,0.131,28.7,30,-13.5,-11.3,-15.9,,218,280,,6,,,37,,,-9999
"415","Zaven Collins","DL","ARI",29.3,4.17,0.367,26.2,31.9,-13.6,-13.9,-13.9,,239,258,,6,,,94,,,-9999
"416","Devin Lloyd","LB","JAC",75.5,14.5,1.44,64.9,84.8,-13.7,-22.4,-6.18,,344,185,,5,,5.47,73,,,-9999
"417","Davon Hamilton","DL","JAC",28.9,,0.0663,,,-14,,,,,,,6,,,,,,-9999
"418","B.J. Hill","DL","CIN",28.8,1.27,0.0926,28,29.8,-14,-12,-16.1,,221,283,,6,,,38,,,-9999
"419","Malcolm Koonce","DL","LVR",28.7,1.13,0.0411,28,29.6,-14.1,-12,-16.3,,222,284,,6,,,26,,,-9999
"420","CJ West","DL","SF",28.7,,0.17,,,-14.2,,,,,,,6,,,,,,-9999
"421","Da'Ron Payne","DL","WAS",28.5,10.2,0.154,21,35,-14.3,-19,-10.8,,299,225,,6,,,92,,,-9999
"422","Will Harris","DB","WAS",75.3,32.5,0.818,54.5,99.1,-14.3,-29.8,0.855,,411,125,,5,,4.8,98,,,-9999
"423","Dexter Lawrence","DL","NYG",28.4,10.1,0.187,20.9,34.8,-14.5,-19.1,-11,,303,228,,6,,,88,,,-9999
"424","Marshawn Kneeland","DL","DAL",28.2,15.6,0.0898,18.2,39.6,-14.7,-21.8,-6.25,,331,186,,6,,,99,,,-9999
"425","Geno Stone","DB","CIN",74.4,1.77,0.981,73.1,75.6,-15.1,-11.1,-22.7,,217,361,,5,,,65,,,-9999
"426","Jack Campbell","LB","DET",74.1,1.63,0.223,73,75.3,-15.2,-14.2,-15.7,,250,276,,5,,,24,,,-9999
"427","Carson Schwesinger","LB","CLE",73.8,1.77,0.181,72.5,75,-15.4,-14.7,-16,,253,282,,5,,,39,,,-9999
"428","Terrel Bernard","LB","BUF",73.7,20.4,0.481,58.7,86.7,-15.6,-28.6,-4.27,,394,162,,5,,9.58,88,,,-9999
"429","Demario Davis","LB","NO",73.2,11,1.35,66.2,81.2,-16.1,-21.1,-9.73,,323,210,,5,,4.68,59,,,-9999
"430","Justin Reid","DB","NO",73.5,6.93,0.615,68.4,77.9,-16.1,-15.9,-20.4,,263,334,,5,,,35,,,-9999
"431","Taron Johnson","DB","BUF",72.8,13.4,0.104,63,81.4,-16.7,-21.2,-16.8,,326,288,,5,,,74,,,-9999
"432","Josh Metellus","DB","MIN",72.7,34.7,0.424,50.5,98.2,-16.8,-33.7,0,,433,130,,5,,5.78,88,,,-9999
"433","Tykee Smith","DB","TB",72.3,11.2,0.188,65.2,80.5,-17.2,-19.1,-17.7,,302,305,,5,,,68,,,-9999
"434","Blake Cashman","LB","MIN",71.8,1.27,1.31,71,72.8,-17.4,-16.2,-18.2,,268,312,,5,,16.6,12,,,-9999
"435","Michael Jackson","DB","CAR",72.1,3.25,0.15,70,74.5,-17.4,-14.2,-23.7,,248,372,,5,,,56,,,-9999
"436","Kamari Lassiter","DB","HOU",72,1.56,0.28,70.8,73,-17.6,-13.4,-25.3,,236,391,,5,,,7,,,-9999
"437","Marlon Humphrey","DB","BAL",71.7,2.9,0.147,69.6,73.6,-17.9,-14.7,-24.7,,252,385,,5,,,40,,,-9999
"438","Quentin Lake","DB","LAR",71.6,6.79,0.0608,66.6,75.9,-18,-17.7,-22.4,,286,357,,5,,,53,,,-9999
"439","Derek Stingley Jr.","DB","HOU",71.5,6.86,0.0296,67.1,76.5,-18.1,-17.2,-21.7,,282,346,,5,,,84,,,-9999
"440","Zyon McCollum","DB","TB",71.5,0.707,0.084,71,72,-18.1,-13.3,-26.3,,233,401,,5,,,58,,,-9999
"441","Evan Williams","DB","GB",71.4,11,0.122,64.4,79.4,-18.2,-19.9,-18.8,,306,315,,5,,1.85,72,,,-9999
"442","Ji'Ayir Brown","DB","SF",71.3,24.8,0.308,55.4,89.5,-18.3,-28.9,-8.76,,399,205,,5,,,91,,,-9999
"443","Talanoa Hufanga","DB","DEN",70.9,4.81,0.00198,67.9,74.5,-18.6,-16.4,-23.8,,270,373,,5,,3.82,25,,,-9999
"444","Bryan Cook","DB","KC",70.9,10.6,0.341,64.2,78.7,-18.6,-20.1,-19.5,,313,323,,6,,,70,,,-9999
"445","Nate Landman","LB","LAR",70.5,5.3,0.638,66.6,73.9,-18.7,-20.6,-17,,319,293,,6,,5.83,71,,,-9999
"446","Kyle Dugger","DB","NE",70.6,16.2,0.368,60.2,82.5,-19,-24,-15.7,,357,277,,6,,5.62,93,,,-9999
"447","Eric Murray","DB","JAC",70.2,23.3,0.0637,55.3,87.3,-19.3,-28.9,-10.9,,400,226,,6,,3.94,95,,,-9999
"448","Quay Walker","LB","GB",69.9,1.7,0.294,68.6,71,-19.4,-18.6,-20,,294,329,,6,,6.02,8,,,-9999
"449","Tyler Nubin","DB","NYG",70.2,4.31,0.0508,67,72.9,-19.4,-17.3,-25.3,,284,392,,6,,6.58,14,,,-9999
"450","Jalen Pitre","DB","HOU",70.1,19.7,0.0238,55.7,82.7,-19.4,-28.6,-15.5,,395,272,,6,,,75,,,-9999
"451","Kamren Kinchens","DB","LAR",70.1,,0.1,,,-19.5,,,,,,,6,,,32,,,-9999
"452","Ivan Pace","LB","MIN",69.6,10.7,2.39,62.8,77.4,-19.6,-24.5,-13.5,,364,251,,6,,5.81,85,,,-9999
"453","Ja'Quan McMillian","DB","DEN",70,,0.295,,,-19.6,,,,,,,6,,,,,,-9999
"454","Chauncey Gardner-Johnson","DB","HOU",69.7,1.06,0.156,68.9,70.4,-19.9,-15.3,-27.9,,259,409,,6,,,79,,,-9999
"455","Jalen Thompson","DB","ARI",69.5,11.5,0.0759,62.2,78,-20,-22.1,-20.2,,336,333,,6,,,44,,,-9999
"456","Minkah Fitzpatrick","DB","MIA",69.5,5.3,1.17,66.1,73.4,-20.1,-18.2,-24.9,,290,387,,6,,7.3,51,,,-9999
"457","Andrew Wingard","DB","JAC",68.3,,0.212,,,-21.3,,,,,,,6,,,81,,,-9999
"458","Kamren Curl","DB","LAR",68.1,15.1,0.0439,57,77.8,-21.5,-27.3,-20.5,,385,335,,6,,,86,,,-9999
"459","Cameron McGrone","LB","IND",67.2,,0.884,,,-22,,,,,,,6,,4.49,3,,,-9999
"460","Frankie Luvu","LB","WAS",66.3,3.54,0.324,64.1,68.9,-22.9,-23.2,-22.1,,354,352,,6,,10.6,20,,,-9999
"461","Christian Rozeboom","LB","CAR",66,3.04,1.92,64,68.2,-23.2,-23.2,-22.7,,355,362,,6,,8.62,68,,,-9999
"462","Payton Wilson","LB","PIT",64.1,9.05,1.46,57.4,69.9,-25.2,-29.8,-21.1,,412,341,,7,,,83,,,-9999
"463","Henry To'oTo'o","LB","HOU",62.6,9.76,0.4,55.4,68.9,-26.6,-31.8,-22.1,,423,353,,7,,,81,,,-9999
"464","Tyrice Knight","LB","SEA",62.2,16.5,0.101,50.1,72.8,-27,-37.2,-18.2,,455,313,,7,,,86,,,-9999
"465","Jack Sanborn","LB","DAL",62.1,27,0.423,42.3,79.4,-27.1,-45,-11.6,,481,233,,7,,13.8,95,,,-9999
"466","Micah McFadden","LB","NYG",61.7,3.54,1.68,59.1,63.9,-27.6,-28.2,-27,,390,406,,7,,2.62,46,,,-9999
"467","Nick Martin","LB","SF",60,,0.629,,,-29.2,,,,,,,7,,,66,,,-9999
"468","Pete Werner","LB","NO",59.4,0.566,0.891,59,59.8,-29.9,-28.3,-31.2,,392,436,,7,,,63,,,-9999
"469","Elandon Roberts","LB","LVR",58.5,5.37,0.322,54.5,61.9,-30.8,-32.7,-29,,430,421,,7,,7.61,69,,,-9999
"470","Mack Wilson","LB","ARI",58.2,1.77,1.62,57,59.5,-31.1,-30.2,-31.5,,413,439,,8,,4.3,54,,,-9999
"471","Dre Greenlaw","LB","DEN",56.5,45,1.13,23.5,85.3,-32.7,-63.8,-5.63,,521,180,,8,,,98,,,-9999
"472","Omar Speights","LB","LAR",55.4,0.636,0.234,55,55.9,-33.8,-32.3,-35.1,,426,461,,8,,,80,,,-9999
"473","Divine Deablo","LB","ATL",55.2,7.35,1.35,49.8,59.9,-34.1,-37.5,-31.1,,457,435,,8,,,92,,,-9999
"474","Trevin Wallace","LB","CAR",53.8,17,0.237,41.3,64.7,-35.4,-45.9,-26.2,,487,400,,8,,,90,,,-9999
"475","Germaine Pratt","LB","LVR",53.6,26.9,0.501,36.4,73.3,-35.6,-50.9,-17.6,,498,303,,8,,6.02,93,,,-9999
"476","Denzel Perryman","LB","LAC",53.1,,0.062,,,-36.1,,,,,,,8,,,75,,,-9999
"477","Nakobe Dean","LB","PHI",53,3.11,0.114,51,55.3,-36.2,-36.2,-35.6,,450,467,,8,,6.67,76,,,-9999
"478","Demetrius Knight","LB","CIN",52.9,6.22,0.124,48.4,56.9,-36.3,-38.9,-34.1,,462,449,,8,,,58,,,-9999
"479","Marcelino McCrary-Ball","LB","NYJ",52.8,,1.1,,,-36.4,,,,,,,9,,,,,,-9999
"480","Jeremiah Trotter Jr.","LB","PHI",51.7,,0.8,,,-37.5,,,,,,,9,,,,,,-9999
"481","Jeremiah Owusu-Koramoah","LB","CLE",50.9,,0.26,,,-38.3,,,,,,,9,,,99,,,-9999
"482","Christian Elliss","LB","NE",50.6,4.03,0.24,48.1,53.6,-38.6,-39.2,-37.4,,464,478,,9,,,78,,,-9999
"483","Christian Elliss","LB","NE",50.6,4.03,0.24,48.1,53.6,-38.6,-39.2,-37.4,,464,478,,9,,,64,,,-9999
"484","James Williams","LB","TEN",50.4,,0.105,,,-38.8,,,,,,,9,,,61,,,-9999
"485","James Williams","LB","TEN",50.4,,0.105,,,-38.8,,,,,,,9,,,97,,,-9999
